<metadata xml:lang="en"><Esri><ArcGISFormat>1.0</ArcGISFormat><DataProperties><itemProps><itemName Sync="TRUE">DC_Wetlands_Project_Metadata</itemName><nativeExtBox><westBL Sync="TRUE">1608906.440000</westBL><eastBL Sync="TRUE">1635531.230000</eastBL><southBL Sync="TRUE">1907758.900000</southBL><northBL Sync="TRUE">1939488.860000</northBL><exTypeCode Sync="TRUE">1</exTypeCode></nativeExtBox><itemSize Sync="TRUE">0.030</itemSize><itemLocation><linkage Sync="TRUE">file://\\ifw3nsst-store1\NWI-TEMP\FWS\Extracts\Oct2020\State_Extracts\State_Shapefiles\DC_shapefile_wetlands\DC_Wetlands_Project_Metadata.shp</linkage><protocol Sync="TRUE">Local Area Network</protocol></itemLocation><imsContentType Sync="TRUE">002</imsContentType></itemProps><coordRef><type Sync="TRUE">Projected</type><geogcsn Sync="TRUE">GCS_North_American_1983</geogcsn><csUnits Sync="TRUE">Linear Unit: Meter (1.000000)</csUnits><projcsn Sync="TRUE">NAD_1983_Albers</projcsn><peXml Sync="TRUE">&lt;ProjectedCoordinateSystem xsi:type='typens:ProjectedCoordinateSystem' xmlns:xsi='http://www.w3.org/2001/XMLSchema-instance' xmlns:xs='http://www.w3.org/2001/XMLSchema' xmlns:typens='http://www.esri.com/schemas/ArcGIS/10.6'&gt;&lt;WKT&gt;PROJCS[&amp;quot;NAD_1983_Albers&amp;quot;,GEOGCS[&amp;quot;GCS_North_American_1983&amp;quot;,DATUM[&amp;quot;D_North_American_1983&amp;quot;,SPHEROID[&amp;quot;GRS_1980&amp;quot;,6378137.0,298.257222101]],PRIMEM[&amp;quot;Greenwich&amp;quot;,0.0],UNIT[&amp;quot;Degree&amp;quot;,0.0174532925199433]],PROJECTION[&amp;quot;Albers&amp;quot;],PARAMETER[&amp;quot;False_Easting&amp;quot;,0.0],PARAMETER[&amp;quot;False_Northing&amp;quot;,0.0],PARAMETER[&amp;quot;Central_Meridian&amp;quot;,-96.0],PARAMETER[&amp;quot;Standard_Parallel_1&amp;quot;,29.5],PARAMETER[&amp;quot;Standard_Parallel_2&amp;quot;,45.5],PARAMETER[&amp;quot;Latitude_Of_Origin&amp;quot;,23.0],UNIT[&amp;quot;Meter&amp;quot;,1.0]]&lt;/WKT&gt;&lt;XOrigin&gt;-16901100&lt;/XOrigin&gt;&lt;YOrigin&gt;-6972200&lt;/YOrigin&gt;&lt;XYScale&gt;266467840.99085236&lt;/XYScale&gt;&lt;ZOrigin&gt;-100000&lt;/ZOrigin&gt;&lt;ZScale&gt;10000&lt;/ZScale&gt;&lt;MOrigin&gt;-100000&lt;/MOrigin&gt;&lt;MScale&gt;10000&lt;/MScale&gt;&lt;XYTolerance&gt;0.001&lt;/XYTolerance&gt;&lt;ZTolerance&gt;0.001&lt;/ZTolerance&gt;&lt;MTolerance&gt;0.001&lt;/MTolerance&gt;&lt;HighPrecision&gt;true&lt;/HighPrecision&gt;&lt;/ProjectedCoordinateSystem&gt;</peXml></coordRef></DataProperties><SyncDate>20200910</SyncDate><SyncTime>15113800</SyncTime><ModDate>20200910</ModDate><ModTime>15113800</ModTime><scaleRange><minScale>150000000</minScale><maxScale>5000</maxScale></scaleRange></Esri><mdLang><languageCode value="eng"/><countryCode value="USA"/></mdLang><mdChar><CharSetCd value="004"/></mdChar><mdHrLv><ScopeCd value="005"/></mdHrLv><mdHrLvName Sync="TRUE">dataset</mdHrLvName><mdContact><rpOrgName>U.S. Fish and Wildlife Service</rpOrgName><rpPosName>National Standards and Support Team</rpPosName><rpCntInfo><cntPhone><voiceNum>608-238-9333</voiceNum><faxNum>608-238-9334</faxNum></cntPhone><cntAddress addressType="both"><delPoint>505 Science Drive</delPoint><city>Madison</city><adminArea>WI</adminArea><postCode>53711</postCode><country>US</country><eMailAdd>wetlands_team@fws.gov</eMailAdd></cntAddress></rpCntInfo><role><RoleCd value="007"/></role></mdContact><mdDateSt Sync="TRUE">20200910</mdDateSt><distInfo><distributor><distorCont><rpOrgName>U.S. Fish and Wildlife Service</rpOrgName><rpPosName>National Standards and Support Team</rpPosName><rpCntInfo><cntPhone><voiceNum>608-238-9333</voiceNum><faxNum>608-238-9334</faxNum></cntPhone><cntAddress addressType="both"><delPoint>505 Science Drive</delPoint><city>Madison</city><adminArea>WI</adminArea><postCode>53711</postCode><country>US</country><eMailAdd>wetlands_team@fws.gov</eMailAdd></cntAddress></rpCntInfo><role><RoleCd value="005"/></role></distorCont><distorOrdPrc><resFees>There is no charge for the online option. Requests for large amounts of data are handled on a cost reimbursable basis.</resFees><ordInstr>https://www.fws.gov/wetlands/Data/Data-Download.html</ordInstr></distorOrdPrc><distorFormat><formatName>JavaScript</formatName></distorFormat><distorFormat><formatName>Shapefile</formatName></distorFormat><distorFormat><formatName>FileGDB</formatName></distorFormat><distorFormat><formatName>ArcREST</formatName></distorFormat><distorFormat><formatName>OGC:WMS</formatName></distorFormat><distorTran><onLineSrc><linkage>https://www.fws.gov/wetlands/arcgis/services/Wetlands/MapServer/WMSServer?request=GetCapabilities&amp;service=WMS</linkage></onLineSrc></distorTran><distorTran><onLineSrc><linkage>https://www.fws.gov/wetlands/Data/Mapper.html</linkage></onLineSrc></distorTran><distorTran><onLineSrc><linkage>https://www.fws.gov/wetlands/arcgis/rest/services</linkage></onLineSrc></distorTran><distorTran><onLineSrc><linkage>https://www.fws.gov/wetlands/data/Data-Download.html</linkage></onLineSrc></distorTran><distorTran><onLineSrc><linkage>https://www.fws.gov/wetlands/data/Data-Download.html</linkage></onLineSrc></distorTran></distributor><distTranOps><onLineSrc><linkage>https://www.fws.gov/wetlands/Data/Mapper.html</linkage></onLineSrc><onLineSrc><linkage>https://www.fws.gov/wetlands/data/Data-Download.html</linkage></onLineSrc><onLineSrc><linkage>https://www.fws.gov/wetlands/</linkage></onLineSrc><transSize Sync="TRUE">0.030</transSize></distTranOps><distFormat><formatName Sync="TRUE">Shapefile</formatName></distFormat></distInfo><dataIdInfo><idCitation><citRespParty><rpOrgName>U.S. Fish and Wildlife Service</rpOrgName><role><RoleCd value="006"/></role></citRespParty><citRespParty><rpOrgName>U.S. Fish and Wildlife Service</rpOrgName><rpCntInfo><cntAddress><delPoint>Washington, D.C.</delPoint></cntAddress></rpCntInfo><role><RoleCd value="010"/></role></citRespParty><presForm><PresFormCd value="005"/></presForm><presForm><fgdcGeoform>vector digital data</fgdcGeoform></presForm><date><createDate>2020-10-01T00:00:00</createDate><pubDate>2020-10-01T00:00:00</pubDate></date><resTitle Sync="TRUE">DC_Wetlands_Project_Metadata</resTitle></idCitation><idAbs>&lt;DIV STYLE="text-align:Left;"&gt;&lt;DIV&gt;&lt;DIV&gt;&lt;P&gt;&lt;SPAN&gt;This data set represents the extent, status, and location of National Wetland Inventory wetland mapping projects for NWI Version 2, Surface Waters and Wetlands. Each project polygon contains information on the type and date of imagery used to map the wetlands and a link to a document about specific mapping techniques and habitat information for that project.&lt;/SPAN&gt;&lt;/P&gt;&lt;/DIV&gt;&lt;/DIV&gt;&lt;/DIV&gt;</idAbs><idPurp>The present goal of the Service is to provide the citizens of the United States and its Trust Territories with current geospatially referenced information on the status and extent of wetland mapping.</idPurp><idPoC><rpOrgName>U.S. Fish and Wildlife Service</rpOrgName><rpPosName>National Standards and Support Team</rpPosName><rpCntInfo><cntPhone><voiceNum>608-238-9333</voiceNum><faxNum>608-238-9334</faxNum></cntPhone><cntAddress addressType="both"><delPoint>505 Science Drive</delPoint><city>Madison</city><adminArea>WI</adminArea><postCode>53711</postCode><country>US</country><eMailAdd>wetlands_team@fws.gov</eMailAdd></cntAddress></rpCntInfo><role><RoleCd value="007"/></role></idPoC><placeKeys><keyword>Alaska</keyword><keyword>Idaho</keyword><keyword>New Hampshire</keyword><keyword>Massachusetts</keyword><keyword>Connecticut</keyword><keyword>Maine</keyword><keyword>Oregon</keyword><keyword>Guam</keyword><keyword>Minnesota</keyword><keyword>Hawaii</keyword><keyword>Saipan</keyword><keyword>South Dakota</keyword><keyword>California</keyword><keyword>Wyoming</keyword><keyword>Indiana</keyword><keyword>Arkansas</keyword><keyword>New Mexico</keyword><keyword>Georgia</keyword><keyword>Ohio</keyword><keyword>District of Columbia</keyword><keyword>Mississippi</keyword><keyword>Wisconsin</keyword><keyword>Illinois</keyword><keyword>Pennsylvania</keyword><keyword>New York</keyword><keyword>South Carolina</keyword><keyword>Kentucky</keyword><keyword>Virginia</keyword><keyword>Vermont</keyword><keyword>West Virginia</keyword><keyword>Utah</keyword><keyword>Florida</keyword><keyword>Delaware</keyword><keyword>Texas</keyword><keyword>Oklahoma</keyword><keyword>United States</keyword><keyword>Alabama</keyword><keyword>Colorado</keyword><keyword>Arizona</keyword><keyword>Michigan</keyword><keyword>Tennessee</keyword><keyword>North Carolina</keyword><keyword>Washington</keyword><keyword>Missouri</keyword><keyword>Rhode Island</keyword><keyword>Maryland</keyword><keyword>Nevada</keyword><keyword>Montana</keyword><keyword>New Jersey</keyword><keyword>Iowa</keyword><keyword>Nebraska</keyword><keyword>Kansas</keyword><keyword>Louisiana</keyword><keyword>North Dakota</keyword><keyword>Puerto Rico</keyword><keyword>Virgin Islands</keyword></placeKeys><themeKeys><thesaName><resTitle>ISO 19115 Topic Categories</resTitle></thesaName><keyword>environment</keyword><keyword>oceans</keyword><keyword>geoscientificInformation</keyword><keyword>inlandWaters</keyword></themeKeys><themeKeys><keyword>Marshes</keyword><keyword>Deepwater habitats</keyword><keyword>Wetlands</keyword><keyword>Hydrography</keyword><keyword>Fens</keyword><keyword>Bogs</keyword><keyword>Surface water</keyword><keyword>Swamps</keyword></themeKeys><searchKeys><keyword>Alaska</keyword><keyword>Idaho</keyword><keyword>New Hampshire</keyword><keyword>Massachusetts</keyword><keyword>Connecticut</keyword><keyword>Maine</keyword><keyword>Marshes</keyword><keyword>Oregon</keyword><keyword>Guam</keyword><keyword>Minnesota</keyword><keyword>environment</keyword><keyword>Hawaii</keyword><keyword>Saipan</keyword><keyword>South Dakota</keyword><keyword>California</keyword><keyword>Wyoming</keyword><keyword>Indiana</keyword><keyword>Arkansas</keyword><keyword>oceans</keyword><keyword>Deepwater habitats</keyword><keyword>New Mexico</keyword><keyword>Georgia</keyword><keyword>Ohio</keyword><keyword>District of Columbia</keyword><keyword>Mississippi</keyword><keyword>Wisconsin</keyword><keyword>Illinois</keyword><keyword>Pennsylvania</keyword><keyword>New York</keyword><keyword>South Carolina</keyword><keyword>Kentucky</keyword><keyword>Virginia</keyword><keyword>Vermont</keyword><keyword>West Virginia</keyword><keyword>Utah</keyword><keyword>Wetlands</keyword><keyword>Florida</keyword><keyword>Delaware</keyword><keyword>Texas</keyword><keyword>Oklahoma</keyword><keyword>Hydrography</keyword><keyword>geoscientificInformation</keyword><keyword>United States</keyword><keyword>Fens</keyword><keyword>Alabama</keyword><keyword>Bogs</keyword><keyword>Colorado</keyword><keyword>Arizona</keyword><keyword>Michigan</keyword><keyword>Tennessee</keyword><keyword>North Carolina</keyword><keyword>Washington</keyword><keyword>Missouri</keyword><keyword>Rhode Island</keyword><keyword>Maryland</keyword><keyword>Surface water</keyword><keyword>Nevada</keyword><keyword>Montana</keyword><keyword>New Jersey</keyword><keyword>Iowa</keyword><keyword>Nebraska</keyword><keyword>Kansas</keyword><keyword>Louisiana</keyword><keyword>inlandWaters</keyword><keyword>North Dakota</keyword><keyword>Swamps</keyword><keyword>Puerto Rico</keyword><keyword>Virgin Islands</keyword></searchKeys><resConst><LegConsts><useLimit>Although these data have been processed successfully on a computer system at the U.S. Fish and Wildlife Service, no warranty expressed or implied is made by the U.S. Fish and Wildlife Service regarding the utility of the data on any other system, nor shall the act of distribution constitute any such warranty. No responsibility is assumed by the U.S. Fish and Wildlife Service in the use of these data.</useLimit></LegConsts></resConst><resConst><Consts><useLimit>&lt;DIV STYLE="text-align:Left;"&gt;&lt;DIV&gt;&lt;DIV&gt;&lt;P&gt;&lt;SPAN&gt;None. Acknowledgement of the U.S. Fish and Wildlife Service and (or) the National Wetlands Inventory would be appreciated in products derived from these data&lt;/SPAN&gt;&lt;/P&gt;&lt;/DIV&gt;&lt;/DIV&gt;&lt;/DIV&gt;</useLimit></Consts></resConst><aggrInfo><aggrDSName><resEd>Version 2</resEd><citRespParty><rpOrgName>U.S. Fish and Wildlife Service</rpOrgName><rpCntInfo><cntAddress><delPoint>Washington, D.C. USA</delPoint></cntAddress></rpCntInfo><role><RoleCd value="010"/></role></citRespParty><citRespParty><rpOrgName>U.S. Fish and Wildlife Serivce, National Wetlands Inventory</rpOrgName><role><RoleCd value="006"/></role></citRespParty></aggrDSName><assocType><AscTypeCd value="001"/></assocType></aggrInfo><spatRpType><SpatRepTypCd value="001"/></spatRpType><dataLang><languageCode value="eng"/><countryCode value="USA"/></dataLang><dataExt><geoEle><GeoBndBox><westBL>144.599995</westBL><eastBL>-64.549579</eastBL><southBL>13.166674</southBL><northBL>71.99633</northBL></GeoBndBox></geoEle></dataExt><dataExt><exDesc>Publication Date</exDesc><tempEle><TempExtent><exTemp><TM_Period><tmBegin>1977-01-01</tmBegin><tmEnd date="Oct 2017"/></TM_Period></exTemp></TempExtent></tempEle></dataExt><suppInfo>This dataset was created to be used as auxillary information to the National Wetlands Inventory - Wetlands polygon dataset, Version 2, Surface Waters and Wetlands. Although this Federal Geographic Data Committee-compliant metadata file is intended to document the data set in nonproprietary form, as well as in Arc/INFO format, this metadata file may include some Arc/INFO-specific terminology.</suppInfo><envirDesc Sync="TRUE"> Version 6.2 (Build 9200) ; Esri ArcGIS 10.6.1.9273</envirDesc><dataExt><geoEle><GeoBndBox esriExtentType="search"><exTypeCode>1</exTypeCode><westBL Sync="TRUE">-77.187664</westBL><eastBL Sync="TRUE">-76.810741</eastBL><northBL Sync="TRUE">39.037372</northBL><southBL Sync="TRUE">38.712744</southBL></GeoBndBox></geoEle></dataExt><tpCat><TopicCatCd value="007"/></tpCat><tpCat><TopicCatCd value="014"/></tpCat><tpCat><TopicCatCd value="008"/></tpCat><tpCat><TopicCatCd value="012"/></tpCat></dataIdInfo><dqInfo><dqScope><scpLvl><ScopeCd value="005"/></scpLvl></dqScope><report type="DQTopConsis"><evalMethDesc>Polygon and chain-node topology are present.</evalMethDesc></report><report type="DQConcConsis"><measDesc>Polygon and chain-node topology are present.</measDesc></report><report type="DQQuanAttAcc"><measDesc>The source data was checked using standard review procedures. Attributes were checked by using visual inspection as well as field domains. Quality of the attribute information varies with age and mapping protocols used when individual maps were prepared</measDesc><measResult><QuanResult><quanVal>All polygons are attributed.</quanVal></QuanResult></measResult></report><dataLineage><prcStep><stepDesc>This dataset is continually updated in various areas of the Nation where wetlands data are added to the wetlands data layer from the USFWS, other federal, state and local agencies, tribes, non-governmental organizations and universities. To identify these updated areas review the Data Source layers on the Wetlands Mapper, Projects Mapper on the Mapper homepage, or the Wetlands Project Metadata featureclass that is included in the data downloads.</stepDesc></prcStep><dataSource><srcDesc>Spatial information</srcDesc><srcMedName><MedNameCd value="027"/></srcMedName><srcScale><rfDenom>0</rfDenom></srcScale><srcCitatn><citRespParty><rpOrgName>U.S. Fish and Wildlife Service</rpOrgName><role><RoleCd value="006"/></role></citRespParty><citRespParty><rpOrgName>U.S. Fish and Wildlife Service</rpOrgName><rpCntInfo><cntAddress><delPoint>Washington, D.C.</delPoint></cntAddress></rpCntInfo><role><RoleCd value="010"/></role></citRespParty><datasetSeries><seriesName>National Wetlands Inventory Project Metadata, Version 2</seriesName></datasetSeries></srcCitatn><srcExt><exDesc>Various dates</exDesc><tempEle><TempExtent><exTemp><TM_Period><tmBegin>1977-01-01</tmBegin><tmEnd>2017-01-01</tmEnd></TM_Period></exTemp></TempExtent></tempEle></srcExt></dataSource></dataLineage></dqInfo><spatRepInfo><VectSpatRep><geometObjs Name="DC_Wetlands_Project_Metadata"><geoObjTyp><GeoObjTypCd value="002" Sync="TRUE"></GeoObjTypCd></geoObjTyp><geoObjCnt Sync="TRUE">7</geoObjCnt></geometObjs><topLvl><TopoLevCd value="001" Sync="TRUE"></TopoLevCd></topLvl></VectSpatRep></spatRepInfo><refSysInfo><RefSystem><refSysID><identCode code="0"/></refSysID></RefSystem></refSysInfo><eainfo><detailed Name="DC_Wetlands_Project_Metadata"><enttyp><enttypl Sync="TRUE">DC_Wetlands_Project_Metadata</enttypl><enttypd>Reference: Cowardin et al. 1979</enttypd><enttypds>U.S. Fish and Wildlife Service</enttypds><enttypt Sync="TRUE">Feature Class</enttypt><enttypc Sync="TRUE">7</enttypc></enttyp><attr><attrlabl Sync="TRUE">FID</attrlabl><attalias Sync="TRUE">FID</attalias><attrtype Sync="TRUE">OID</attrtype><attwidth Sync="TRUE">4</attwidth><atprecis Sync="TRUE">0</atprecis><attscale Sync="TRUE">0</attscale><attrdef Sync="TRUE">Internal feature number.</attrdef><attrdefs Sync="TRUE">Esri</attrdefs><attrdomv><udom Sync="TRUE">Sequential unique whole numbers that are automatically generated.</udom></attrdomv></attr><attr><attrlabl>COMMENTS</attrlabl><attrdef>Specific comments to be shared with the public</attrdef><attalias Sync="TRUE">COMMENTS</attalias><attrtype Sync="TRUE">String</attrtype><attwidth Sync="TRUE">254</attwidth><atprecis Sync="TRUE">0</atprecis><attscale Sync="TRUE">0</attscale></attr><attr><attrlabl Sync="TRUE">PROJECT_NA</attrlabl><attalias Sync="TRUE">PROJECT_NA</attalias><attrtype Sync="TRUE">String</attrtype><attwidth Sync="TRUE">50</attwidth><atprecis Sync="TRUE">0</atprecis><attscale Sync="TRUE">0</attscale></attr><attr><attrlabl>IMAGE_YR</attrlabl><attrdef>Year of the most recent imagery used for wetland delineation</attrdef><attalias Sync="TRUE">IMAGE_YR</attalias><attrtype Sync="TRUE">Integer</attrtype><attwidth Sync="TRUE">5</attwidth><atprecis Sync="TRUE">5</atprecis><attscale Sync="TRUE">0</attscale></attr><attr><attrlabl Sync="TRUE">SUPPMAPINF</attrlabl><attalias Sync="TRUE">SUPPMAPINF</attalias><attrtype Sync="TRUE">String</attrtype><attwidth Sync="TRUE">100</attwidth><atprecis Sync="TRUE">0</atprecis><attscale Sync="TRUE">0</attscale></attr><attr><attrlabl Sync="TRUE">FGDC_METAD</attrlabl><attalias Sync="TRUE">FGDC_METAD</attalias><attrtype Sync="TRUE">String</attrtype><attwidth Sync="TRUE">100</attwidth><atprecis Sync="TRUE">0</atprecis><attscale Sync="TRUE">0</attscale></attr><attr><attrlabl Sync="TRUE">DATA_SOURC</attrlabl><attalias Sync="TRUE">DATA_SOURC</attalias><attrtype Sync="TRUE">String</attrtype><attwidth Sync="TRUE">25</attwidth><atprecis Sync="TRUE">0</atprecis><attscale Sync="TRUE">0</attscale></attr><attr><attrlabl>ALL_SCALES</attrlabl><attrdef>All the image scales or resolutions of the imagery used for delineating the wetlands</attrdef><attalias Sync="TRUE">ALL_SCALES</attalias><attrtype Sync="TRUE">String</attrtype><attwidth Sync="TRUE">50</attwidth><atprecis Sync="TRUE">0</atprecis><attscale Sync="TRUE">0</attscale></attr><attr><attrlabl>STATUS</attrlabl><attrdef>Current status of the project</attrdef><attrdomv><edom><edomv>Completed</edomv><edomvd>The project is completed and on the Wetlands Mapper for public viewing</edomvd></edom><edom><edomv>No_Data</edomv><edomvd>This project/area represents an area where no wetlands mapping has been conducted</edomvd></edom></attrdomv><attalias Sync="TRUE">STATUS</attalias><attrtype Sync="TRUE">String</attrtype><attwidth Sync="TRUE">50</attwidth><atprecis Sync="TRUE">0</atprecis><attscale Sync="TRUE">0</attscale></attr><attr><attrlabl Sync="TRUE">IMAGE_SCAL</attrlabl><attalias Sync="TRUE">IMAGE_SCAL</attalias><attrtype Sync="TRUE">Integer</attrtype><attwidth Sync="TRUE">10</attwidth><atprecis Sync="TRUE">10</atprecis><attscale Sync="TRUE">0</attscale></attr><attr><attrlabl>SHAPE_Area</attrlabl><attrdef>Area of feature in internal units squared.</attrdef><attrdefs>ESRI</attrdefs><attrdomv><udom>Positive real numbers that are automatically generated.</udom></attrdomv><attalias Sync="TRUE">SHAPE_Area</attalias><attrtype Sync="TRUE">Double</attrtype><attwidth Sync="TRUE">19</attwidth><atprecis Sync="TRUE">0</atprecis><attscale Sync="TRUE">0</attscale></attr><attr><attrlabl>SHAPE</attrlabl><attrdef>Feature geometry.</attrdef><attrdefs>ESRI</attrdefs><attrdomv><udom>Coordinates defining the features.</udom></attrdomv><attalias Sync="TRUE">Shape</attalias><attrtype Sync="TRUE">Geometry</attrtype><attwidth Sync="TRUE">0</attwidth><atprecis Sync="TRUE">0</atprecis><attscale Sync="TRUE">0</attscale></attr><attr><attrlabl>EMULSION</attrlabl><attrdef>Emulsion type of the imagery used in delineation</attrdef><attalias Sync="TRUE">EMULSION</attalias><attrtype Sync="TRUE">String</attrtype><attwidth Sync="TRUE">30</attwidth><atprecis Sync="TRUE">0</atprecis><attscale Sync="TRUE">0</attscale></attr><attr><attrlabl Sync="TRUE">SOURCE_TYP</attrlabl><attalias Sync="TRUE">SOURCE_TYP</attalias><attrtype Sync="TRUE">String</attrtype><attwidth Sync="TRUE">12</attwidth><atprecis Sync="TRUE">0</atprecis><attscale Sync="TRUE">0</attscale></attr><attr><attrlabl Sync="TRUE">SHAPE_Leng</attrlabl><attalias Sync="TRUE">SHAPE_Leng</attalias><attrtype Sync="TRUE">Double</attrtype><attwidth Sync="TRUE">19</attwidth><atprecis Sync="TRUE">0</atprecis><attscale Sync="TRUE">0</attscale></attr><attr><attrlabl>IMAGE_DATE</attrlabl><attrdef>Month and year of all imagery used for wetland delineation</attrdef><attalias Sync="TRUE">IMAGE_DATE</attalias><attrtype Sync="TRUE">String</attrtype><attwidth Sync="TRUE">40</attwidth><atprecis Sync="TRUE">0</atprecis><attscale Sync="TRUE">0</attscale></attr></detailed></eainfo><spdoinfo><ptvctinf><esriterm Name="DC_Wetlands_Project_Metadata"><efeatyp Sync="TRUE">Simple</efeatyp><efeageom code="4" Sync="TRUE"></efeageom><esritopo Sync="TRUE">FALSE</esritopo><efeacnt Sync="TRUE">7</efeacnt><spindex Sync="TRUE">TRUE</spindex><linrefer Sync="TRUE">FALSE</linrefer></esriterm></ptvctinf></spdoinfo></metadata>
