<metadata xml:lang="en"><Esri><CreaDate>20191003</CreaDate><CreaTime>09142400</CreaTime><ArcGISFormat>1.0</ArcGISFormat><SyncOnce>FALSE</SyncOnce><DataProperties><itemProps><itemLocation><linkage Sync="TRUE">file://\\ifw3nsst-store1\NWI-TEMP\FWS\Extracts\Oct2020\State_Extracts\State_Shapefiles\DC_shapefile_wetlands\DC_Wetlands.shp</linkage><protocol Sync="TRUE">Local Area Network</protocol></itemLocation><itemName Sync="TRUE">DC_Wetlands</itemName><nativeExtBox><westBL Sync="TRUE">1609007.274500</westBL><eastBL Sync="TRUE">1635444.878300</eastBL><southBL Sync="TRUE">1907758.900300</southBL><northBL Sync="TRUE">1938798.326200</northBL><exTypeCode Sync="TRUE">1</exTypeCode></nativeExtBox><itemSize Sync="TRUE">2.087</itemSize><imsContentType Sync="TRUE">002</imsContentType></itemProps><coordRef><type Sync="TRUE">Projected</type><geogcsn Sync="TRUE">GCS_North_American_1983</geogcsn><csUnits Sync="TRUE">Linear Unit: Meter (1.000000)</csUnits><projcsn Sync="TRUE">NAD_1983_Albers</projcsn><peXml Sync="TRUE">&lt;ProjectedCoordinateSystem xsi:type='typens:ProjectedCoordinateSystem' xmlns:xsi='http://www.w3.org/2001/XMLSchema-instance' xmlns:xs='http://www.w3.org/2001/XMLSchema' xmlns:typens='http://www.esri.com/schemas/ArcGIS/10.6'&gt;&lt;WKT&gt;PROJCS[&amp;quot;NAD_1983_Albers&amp;quot;,GEOGCS[&amp;quot;GCS_North_American_1983&amp;quot;,DATUM[&amp;quot;D_North_American_1983&amp;quot;,SPHEROID[&amp;quot;GRS_1980&amp;quot;,6378137.0,298.257222101]],PRIMEM[&amp;quot;Greenwich&amp;quot;,0.0],UNIT[&amp;quot;Degree&amp;quot;,0.0174532925199433]],PROJECTION[&amp;quot;Albers&amp;quot;],PARAMETER[&amp;quot;False_Easting&amp;quot;,0.0],PARAMETER[&amp;quot;False_Northing&amp;quot;,0.0],PARAMETER[&amp;quot;Central_Meridian&amp;quot;,-96.0],PARAMETER[&amp;quot;Standard_Parallel_1&amp;quot;,29.5],PARAMETER[&amp;quot;Standard_Parallel_2&amp;quot;,45.5],PARAMETER[&amp;quot;Latitude_Of_Origin&amp;quot;,23.0],UNIT[&amp;quot;Meter&amp;quot;,1.0]]&lt;/WKT&gt;&lt;XOrigin&gt;-16901100&lt;/XOrigin&gt;&lt;YOrigin&gt;-6972200&lt;/YOrigin&gt;&lt;XYScale&gt;266467840.99085236&lt;/XYScale&gt;&lt;ZOrigin&gt;-100000&lt;/ZOrigin&gt;&lt;ZScale&gt;10000&lt;/ZScale&gt;&lt;MOrigin&gt;-100000&lt;/MOrigin&gt;&lt;MScale&gt;10000&lt;/MScale&gt;&lt;XYTolerance&gt;0.001&lt;/XYTolerance&gt;&lt;ZTolerance&gt;0.001&lt;/ZTolerance&gt;&lt;MTolerance&gt;0.001&lt;/MTolerance&gt;&lt;HighPrecision&gt;true&lt;/HighPrecision&gt;&lt;/ProjectedCoordinateSystem&gt;</peXml></coordRef><lineage><Process ToolSource="c:\program files\arcgis\pro\Resources\ArcToolbox\toolboxes\Analysis Tools.tbx\Select" Date="20191003" Time="133518">Select DC_wetland_layer "L:\FWS\Extracts\State_Extracts\New File Geodatabase.gdb\DC_Wetlands_intersect" #</Process><Process ToolSource="c:\program files\arcgis\pro\Resources\ArcToolbox\toolboxes\Analysis Tools.tbx\Clip" Date="20191004" Time="060625">Clip "L:\FWS\Extracts\State_Extracts\New File Geodatabase.gdb\DC_Wetlands_intersect" in_memory\f242D08A6_31A7_477B_A967_7F2232E54AFF L:\FWS\Extracts\State_Extracts\State_FGDs\DC_geodatabase_wetlands.gdb\DC_Wetlands #</Process><Process ToolSource="c:\program files\arcgis\pro\Resources\ArcToolbox\toolboxes\Data Management Tools.tbx\CalculateGeometryAttributes" Date="20191004" Time="125531">CalculateGeometryAttributes L:\FWS\Extracts\State_Extracts\State_FGDs\DC_geodatabase_wetlands.gdb\DC_Wetlands "ACRES AREA" # Acres #</Process><Process ToolSource="c:\program files\arcgis\pro\Resources\ArcToolbox\toolboxes\Analysis Tools.tbx\Select" Date="20191004" Time="143933">Select L:\FWS\Extracts\State_Extracts\State_FGDs\DC_geodatabase_wetlands.gdb\DC_Wetlands L:\FWS\Extracts\State_Extracts\State_Shapefiles\DC_shapefile_wetlands\DC_Wetlands.shp #</Process></lineage></DataProperties><SyncDate>20200910</SyncDate><SyncTime>15113500</SyncTime><ModDate>20200910</ModDate><ModTime>15113500</ModTime></Esri><mdLang><languageCode value="eng"/><countryCode value="USA"/></mdLang><mdChar><CharSetCd value="004"/></mdChar><mdHrLv><ScopeCd value="005"/></mdHrLv><mdHrLvName Sync="TRUE">dataset</mdHrLvName><mdContact><rpIndName>National Standards and Support Team</rpIndName><rpOrgName>U.S. Fish and Wildlife Service</rpOrgName><rpPosName>National Standards and Support Team</rpPosName><rpCntInfo><cntPhone><voiceNum>608-238-9333</voiceNum><faxNum>608-238-9334</faxNum></cntPhone><cntAddress addressType="both"><delPoint>505 Science Drive</delPoint><city>Madison</city><adminArea>WI</adminArea><postCode>53711</postCode><country>US</country><eMailAdd>wetlands_team@fws.gov</eMailAdd></cntAddress></rpCntInfo><role><RoleCd value="007"/></role></mdContact><mdDateSt Sync="TRUE">20200910</mdDateSt><distInfo><distributor><distorCont><rpOrgName>U.S. Fish and Wildlife Service</rpOrgName><rpPosName>National Standards and Support Team</rpPosName><rpCntInfo><cntPhone><voiceNum>608-268-9333</voiceNum><faxNum>608-238-9334</faxNum></cntPhone><cntAddress addressType="both"><delPoint>505 Science Drive</delPoint><city>Madison</city><adminArea>WI</adminArea><postCode>53711</postCode><country>US</country><eMailAdd>wetlands_team@fws.gov</eMailAdd></cntAddress></rpCntInfo><role><RoleCd value="005"/></role></distorCont><distorOrdPrc><resFees>There is no charge for the online option. Requests for large amounts of data are handled on a cost reimbursable basis.</resFees></distorOrdPrc><distorFormat><formatName>FileGDB</formatName></distorFormat><distorFormat><formatName>OGC:WMS</formatName></distorFormat><distorFormat><formatName>ArcREST</formatName></distorFormat><distorFormat><formatName>JavaScript</formatName></distorFormat><distorFormat><formatName>KML</formatName></distorFormat><distorFormat><formatName>Shapefile</formatName></distorFormat><distorTran><onLineSrc><linkage>https://www.fws.gov/wetlands/data/Data-Download.html</linkage></onLineSrc></distorTran><distorTran><onLineSrc><linkage>https://www.fws.gov/wetlands/Data/KML/Wetlands-Data.kml</linkage></onLineSrc></distorTran><distorTran><onLineSrc><linkage>https://www.fws.gov/wetlands/data/Data-Download.html</linkage></onLineSrc></distorTran><distorTran><onLineSrc><linkage>https://www.fws.gov/wetlands/arcgis/rest/services/Wetlands/MapServer</linkage></onLineSrc></distorTran><distorTran><onLineSrc><linkage>https://www.fws.gov/wetlands/Data/Mapper.html</linkage></onLineSrc></distorTran><distorTran><onLineSrc><linkage>https://www.fws.gov/wetlands/arcgis/services/Wetlands/MapServer/WMSServer?request=GetCapabilities&amp;service=WMS</linkage></onLineSrc></distorTran></distributor><distTranOps><onLineSrc><linkage>http://www.fws.gov/wetlands/Data/Mapper.html</linkage></onLineSrc><onLineSrc><linkage>http://www.fws.gov/wetlands/Data/Wetlands-Product-Summary.html</linkage></onLineSrc><onLineSrc><linkage>http://www.fws.gov/wetlands/data/Data-Download.html</linkage></onLineSrc><transSize Sync="TRUE">2.087</transSize></distTranOps><distFormat><formatName Sync="TRUE">Shapefile</formatName></distFormat></distInfo><dataIdInfo><idCitation><citRespParty><rpOrgName>U.S. Fish and Wildlife Service</rpOrgName><role><RoleCd value="006"/></role></citRespParty><citRespParty><rpOrgName>U.S. Fish and Wildlife Service</rpOrgName><rpCntInfo><cntAddress><delPoint>Washington, D.C.</delPoint></cntAddress></rpCntInfo><role><RoleCd value="010"/></role></citRespParty><presForm><PresFormCd value="005"/></presForm><presForm><fgdcGeoform>vector digital data</fgdcGeoform></presForm><datasetSeries><seriesName>Classification of Wetlands and Deepwater Habitats of the United States. U.S. Department of the Interior, Fish and Wildlife Service, Washington, DC. FWS/OBS-79/31.</seriesName></datasetSeries><date><createDate>2020-10-01T00:00:00</createDate><pubDate>2020-10-01T00:00:00</pubDate></date><resTitle Sync="TRUE">DC_Wetlands</resTitle></idCitation><idAbs>&lt;DIV STYLE="text-align:Left;"&gt;&lt;DIV&gt;&lt;DIV&gt;&lt;P&gt;&lt;SPAN&gt;This data set represents the extent, approximate location and type of wetlands and deepwater habitats in the United States and its Territories. These data delineate the areal extent of wetlands and surface waters as defined by Cowardin et al. (1979). The National Wetlands Inventory - Version 2, Surface Waters and Wetlands Inventory was derived by retaining the wetland and deepwater polygons that compose the NWI digital wetlands spatial data layer and reintroducing any linear wetland or surface water features that were orphaned from the original NWI hard copy maps by converting them to narrow polygonal features. Additionally, the data are supplemented with hydrography data, buffered to become polygonal features, as a secondary source for any single-line stream features not mapped by the NWI and to complete segmented connections. Wetland mapping conducted in WA, OR, CA, NV and ID after 2012 and most other projects mapped after 2015 were mapped to include all surface water features and are not derived data. The linear hydrography dataset used to derive Version 2 was the U.S. Geological Survey's National Hydrography Dataset (NHD). Specific information on the NHD version used to derive Version 2 and where Version 2 was mapped can be found in the 'comments' field of the Wetlands_Project_Metadata feature class. Certain wetland habitats are excluded from the National mapping program because of the limitations of aerial imagery as the primary data source used to detect wetlands. These habitats include seagrasses or submerged aquatic vegetation that are found in the intertidal and subtidal zones of estuaries and near shore coastal waters. Some deepwater reef communities (coral or tuberficid worm reefs) have also been excluded from the inventory. These habitats, because of their depth, go undetected by aerial imagery. By policy, the Service also excludes certain types of "farmed wetlands" as may be defined by the Food Security Act or that do not coincide with the Cowardin et al. definition. Contact the Service's Regional Wetland Coordinator for additional information on what types of farmed wetlands are included on wetland maps. This dataset should be used in conjunction with the Wetlands_Project_Metadata layer, which contains project specific wetlands mapping procedures and information on dates, scales and emulsion of imagery used to map the wetlands within specific project boundaries.&lt;/SPAN&gt;&lt;/P&gt;&lt;/DIV&gt;&lt;/DIV&gt;&lt;/DIV&gt;</idAbs><idPurp>The present goal of the Service is to provide the citizens of the United States and its Trust Territories with current geospatially referenced information on the status, extent, characteristics and functions of wetlands, riparian, deepwater and related aquatic habitats in priority areas to promote the understanding and conservation of these resources.</idPurp><idPoC><rpOrgName>U.S. Fish and Wildlife Service</rpOrgName><rpPosName>National Standards and Support Team</rpPosName><rpCntInfo><cntPhone><voiceNum>608-238-9333</voiceNum><faxNum>608-238-9334</faxNum></cntPhone><cntAddress addressType="both"><delPoint>505 Science Drive</delPoint><city>Madison</city><adminArea>WI</adminArea><postCode>53711</postCode><country>US</country><eMailAdd>wetlands_team@fws.gov</eMailAdd></cntAddress></rpCntInfo><role><RoleCd value="007"/></role></idPoC><placeKeys><keyword>Alaska</keyword><keyword>Idaho</keyword><keyword>New Hampshire</keyword><keyword>Massachusetts</keyword><keyword>Connecticut</keyword><keyword>Maine</keyword><keyword>Oregon</keyword><keyword>Guam</keyword><keyword>Minnesota</keyword><keyword>Hawaii</keyword><keyword>Saipan</keyword><keyword>South Dakota</keyword><keyword>California</keyword><keyword>Wyoming</keyword><keyword>Indiana</keyword><keyword>Arkansas</keyword><keyword>New Mexico</keyword><keyword>Georgia</keyword><keyword>Ohio</keyword><keyword>District of Columbia</keyword><keyword>Mississippi</keyword><keyword>Wisconsin</keyword><keyword>Illinois</keyword><keyword>Pennsylvania</keyword><keyword>New York</keyword><keyword>South Carolina</keyword><keyword>Kentucky</keyword><keyword>Virginia</keyword><keyword>Vermont</keyword><keyword>West Virginia</keyword><keyword>Utah</keyword><keyword>Florida</keyword><keyword>Delaware</keyword><keyword>Texas</keyword><keyword>United States</keyword><keyword>Alabama</keyword><keyword>Colorado</keyword><keyword>Arizona</keyword><keyword>Michigan</keyword><keyword>Tennessee</keyword><keyword>North Carolina</keyword><keyword>Washington</keyword><keyword>Missouri</keyword><keyword>Rhode Island</keyword><keyword>Maryland</keyword><keyword>Nevada</keyword><keyword>Montana</keyword><keyword>Oklahoma</keyword><keyword>New Jersey</keyword><keyword>Iowa</keyword><keyword>Nebraska</keyword><keyword>Kansas</keyword><keyword>Louisiana</keyword><keyword>North Dakota</keyword><keyword>Puerto Rico</keyword><keyword>Virgin Islands</keyword></placeKeys><themeKeys><thesaName><resTitle>ISO 19115 Topic Categories</resTitle></thesaName><keyword>environment</keyword><keyword>oceans</keyword><keyword>geoscientificInformation</keyword><keyword>inlandWaters</keyword></themeKeys><themeKeys><keyword>USFWS</keyword><keyword>National Wetlands Inventory</keyword><keyword>Deepwater habitats</keyword><keyword>NWI</keyword><keyword>Coastal waters</keyword><keyword>Wetlands</keyword><keyword>Hydrography</keyword><keyword>Swamps, marshes, bogs, fens</keyword><keyword>Surface water</keyword><keyword>U.S. Fish and Wildlife Service</keyword></themeKeys><searchKeys><keyword>Alaska</keyword><keyword>Idaho</keyword><keyword>New Hampshire</keyword><keyword>USFWS</keyword><keyword>Massachusetts</keyword><keyword>Connecticut</keyword><keyword>Maine</keyword><keyword>National Wetlands Inventory</keyword><keyword>Oregon</keyword><keyword>Guam</keyword><keyword>Minnesota</keyword><keyword>environment</keyword><keyword>Hawaii</keyword><keyword>Saipan</keyword><keyword>South Dakota</keyword><keyword>California</keyword><keyword>Wyoming</keyword><keyword>Indiana</keyword><keyword>Arkansas</keyword><keyword>oceans</keyword><keyword>Deepwater habitats</keyword><keyword>New Mexico</keyword><keyword>Georgia</keyword><keyword>Ohio</keyword><keyword>District of Columbia</keyword><keyword>Mississippi</keyword><keyword>NWI</keyword><keyword>Wisconsin</keyword><keyword>Illinois</keyword><keyword>Pennsylvania</keyword><keyword>New York</keyword><keyword>South Carolina</keyword><keyword>Kentucky</keyword><keyword>Virginia</keyword><keyword>Coastal waters</keyword><keyword>Vermont</keyword><keyword>West Virginia</keyword><keyword>Utah</keyword><keyword>Wetlands</keyword><keyword>Florida</keyword><keyword>Delaware</keyword><keyword>Texas</keyword><keyword>Hydrography</keyword><keyword>geoscientificInformation</keyword><keyword>United States</keyword><keyword>Alabama</keyword><keyword>Colorado</keyword><keyword>Arizona</keyword><keyword>Michigan</keyword><keyword>Tennessee</keyword><keyword>North Carolina</keyword><keyword>Swamps</keyword><keyword>marshes</keyword><keyword>bogs</keyword><keyword>fens</keyword><keyword>Washington</keyword><keyword>Missouri</keyword><keyword>Rhode Island</keyword><keyword>Maryland</keyword><keyword>Surface water</keyword><keyword>Nevada</keyword><keyword>Montana</keyword><keyword>Oklahoma</keyword><keyword>New Jersey</keyword><keyword>U.S. Fish and Wildlife Service</keyword><keyword>Iowa</keyword><keyword>Nebraska</keyword><keyword>Kansas</keyword><keyword>Louisiana</keyword><keyword>inlandWaters</keyword><keyword>North Dakota</keyword><keyword>Puerto Rico</keyword><keyword>Virgin Islands</keyword></searchKeys><resConst><LegConsts><useLimit>Although these data have been processed successfully on a computer system at the U.S. Fish and Wildlife Service, no warranty expressed or implied is made by the U.S. Fish and Wildlife Service regarding the utility of the data on any other system, nor shall the act of distribution constitute any such warranty. No responsibility is assumed by the U.S. Fish and Wildlife Service in the use of these data.</useLimit></LegConsts></resConst><resConst><Consts><useLimit>&lt;DIV STYLE="text-align:Left;"&gt;&lt;DIV&gt;&lt;DIV&gt;&lt;P&gt;&lt;SPAN&gt;None. Precautions - Federal, state, and local regulatory agencies with jurisdiction over wetlands may define and describe wetlands in a different manner than that used in this inventory. There is no attempt, in either the design or products of this inventory, to define the limits of proprietary jurisdiction of any Federal, state, or local government or to establish the geographical scope of the regulatory programs of government agencies. Persons intending to engage in activities involving modifications within or adjacent to wetland areas should seek the advice of appropriate federal, state, or local agencies concerning specified agency regulatory programs and proprietary jurisdictions that may affect such activities. Acknowledgement of the U.S. Fish and Wildlife Service and (or) the National Wetlands Inventory would be appreciated in products derived from these data.&lt;/SPAN&gt;&lt;/P&gt;&lt;/DIV&gt;&lt;/DIV&gt;&lt;/DIV&gt;</useLimit></Consts></resConst><aggrInfo><aggrDSName><resTitle>Wetlands and Deepwater Habitats of the United States</resTitle><resEd>Version 2 - Surface Waters and Wetlands</resEd><citRespParty><rpOrgName>U.S. Fish and Wildlife Service</rpOrgName><rpCntInfo><cntAddress><delPoint>Washington, D.C. USA</delPoint></cntAddress></rpCntInfo><role><RoleCd value="010"/></role></citRespParty><citRespParty><rpOrgName>U.S. Fish and Wildlife Serivce, National Wetlands Inventory</rpOrgName><role><RoleCd value="006"/></role></citRespParty></aggrDSName><assocType><AscTypeCd value="001"/></assocType></aggrInfo><spatRpType><SpatRepTypCd value="001"/></spatRpType><dataLang><languageCode value="eng"/><countryCode value="USA"/></dataLang><dataExt><geoEle><GeoBndBox><westBL>144.599995</westBL><eastBL>-64.549579</eastBL><southBL>13.166674</southBL><northBL>71.99633</northBL></GeoBndBox></geoEle></dataExt><dataExt><exDesc>ground condition</exDesc><tempEle><TempExtent><exTemp><TM_Period><tmBegin>1977-01-01</tmBegin><tmEnd>2017-01-01</tmEnd></TM_Period></exTemp></TempExtent></tempEle></dataExt><suppInfo>Digital wetlands data are intended for use us with base maps and digital aerial photography at a scale of 1:12,000 or smaller. Due to the scale, the primary intended use is for regional and watershed data display and analysis, rather than specific project data analysis. The map products were neither designed or intended to represent legal or regulatory products. Questions or comments regarding the interpretation or classification of wetlands or deepwater habitats can be addressed by visiting http://www.fws.gov/wetlands/FAQs.html These data were developed in conjunction with the publication Cowardin, L.M., V. Carter, F.C. Golet, and E.T. LaRoe. 1979. Classification of Wetlands and Deepwater Habitats of the United States. U.S. Department of the Interior, Fish and Wildlife Service, Washington, DC. FWS/OBS-79/31. Alpha-numeric map codes have been developed to correspond to the wetland and deepwater classifications described. For more informtion on the wetland classification codes visit http://www.fws.gov/wetlands/Data/Wetland-Codes.html. The U.S. Fish and Wildlife Service uses data standards to increase the quality and compatibility of its data. The standards used for the wetlands data can be found at: http://www.fws.gov/wetlands/Data/Data-Standards.html and include the FGDC Wetlands Mapping Standard, FGDC-STD-015-2009. Note that coastline delineations were drawn to follow the extent of wetland or deepwater features as described by this project and may not match the coastline shown in other base maps. Any use of trade, product, or firm names is for descriptive purposes only and does not imply endorsement by the U.S. Government. Although this Federal Geographic Data Committee-compliant and Content Standard for Digital Geospatial Metadata (CSDGM) file is intended to document the data set in nonproprietary form, as well as in Arc/INFO format, this metadata file may include some Arc/INFO-specific terminology.</suppInfo><envirDesc Sync="TRUE"> Version 6.2 (Build 9200) ; Esri ArcGIS 10.6.1.9273</envirDesc><dataExt><geoEle><GeoBndBox esriExtentType="search"><exTypeCode>1</exTypeCode><westBL Sync="TRUE">-77.186515</westBL><eastBL Sync="TRUE">-76.813340</eastBL><northBL Sync="TRUE">39.031155</northBL><southBL Sync="TRUE">38.712898</southBL></GeoBndBox></geoEle></dataExt><tpCat><TopicCatCd value="007"/></tpCat><tpCat><TopicCatCd value="014"/></tpCat><tpCat><TopicCatCd value="008"/></tpCat><tpCat><TopicCatCd value="012"/></tpCat></dataIdInfo><mdConst><SecConsts><class><ClasscationCd value="001"/></class><classSys>None</classSys><handDesc>None</handDesc></SecConsts></mdConst><dqInfo><dqScope><scpLvl><ScopeCd value="005"/></scpLvl></dqScope><report type="DQTopConsis"><evalMethDesc>Polygon and chain-node topology are present. Every polygon has a label.</evalMethDesc></report><report type="DQConcConsis"><measDesc>Polygon and chain-node topology are present. Every polygon has a label.</measDesc></report><report type="DQCompOm"><measDesc>This data set represents the extent of wetlands and deepwater habitats that can be determined with the use of remotely sensed data and within the timeframe for which the maps were produced. Wetlands are shown in all of the 50 states, the District of Columbia, Puerto Rico, the Virgin Islands, Guam and Saipan. The accuracy of image interpretation depends on the quality of the imagery, the experience of the image analysts, the amount and quality of the collateral data, and the amount of ground truth verification work conducted. There is a margin error inherent in the use of imagery, thus detailed on-the-ground inspection of any particular site, may result in revision of the wetland boundaries or classification, established through image analysis. Wetlands or other mapped features may have changed since the date or the imagery and/or field work. There may be occasional differences in polygon boundaries or classifications between the information depicted on the map and the actual conditions on site.</measDesc></report><report type="DQQuanAttAcc"><measDesc>The source data was checked using standard review procedures. Attributes were checked by using visual inspection as well as automated verification routines. Quality of the attribute information varies with age and mapping protocols used when individual maps were prepared</measDesc><measResult><QuanResult><quanVal>All polygons are attributed.</quanVal></QuanResult></measResult></report><dataLineage><prcStep><stepDesc>The National Wetlands Inventory - Version 2, Surface Waters and Wetlands Inventory was derived using an ESRI Data Model with 481 logical and topological processes. Linear NWI features retained their original NWI Code and were buffered to specific widths based on the following rules: Palustrine = 6m, Riverine Perennial = 8m, Riverine Intermittent = 6m, Marine, Estuarine and Lacustrine = 8m. The NHDFlowline features were buffered to the width based on the FType field using the following general rules: CanalDitch = 4m, Intermittent = 6m and Perennial = 6m. The NHDFlowline features were coded with NWI Codes based on the following general rules: CanalDitch/aqueduct = R5UBFr, CanalDitch/all others = R5UBFx, Intermittent Stream = R4SBC, Perennial Stream = R5UBH. Further refinement of the NWI Codes was implemented based on spatial intersect with known NWI features and specific FCode information from the NHD dataset. Topological modifications were conducted to remove overlapping features. In general buffered NWI linears were clipped into NWI polygons and both the NWI polygons and buffered NWI linears were used to erase buffered NHDFlowlines. Further topological refinements were conducted within the the buffered linear feature layers based on intersections with known NWI features and using a hierarchy based on NWI Code Sub-system and Water Regime. For more specific information on the logical and topological processes involved in deriving this dataset visit: http://www.fws.gov/wetlands/Data/Wetlands-V2-Product-Summary.html</stepDesc></prcStep><prcStep><stepDesc>This dataset is continually updated in various areas of the Nation with wetlands data from the USFWS, other federal, state and local agencies, tribes, non-governmental organizations and universities. To identify these updated areas review the Data Source layers on the Wetlands Mapper, Projects Mapper on the Mapper homepage, or the Wetlands Project Metadata featureclass that is included in the data downloads. The Wetlands Project Metadata feature class may also include a URL to link to a document that identifies project speciic techniques, source imagery and conventions used for that specific project. All data additions comply with the the FGDC Wetlands Mapping Standard, FGDC-STD-015-2009 and the Wetlands Classification Standard, which can be found at: http://www.fws.gov/wetlands/Data/Data-Standards.html.</stepDesc></prcStep><prcStep><stepDesc>The National Wetlands Inventory - Version 2, Surface Waters and Wetlands Inventory was derived by retaining the wetland and deepwater polygons that compose the NWI digital wetlands spatial data layer and reintroducing any linear wetland or surface water features that were orphaned from the original NWI hard copy maps by converting them to narrow polygonal features. Additionally, the data are supplemented with hydrography data (high resolution NHD 931v210 or 931v220), buffered to become polygonal features, as a secondary source for any single-line stream features not mapped by the NWI and to complete segmented connections. Specific information on the NHD version used to derive Version 2 and where Version 2 was mapped can be found in the 'comments' field of the Wetlands_Project_Metadata feature class.</stepDesc></prcStep><dataSource><srcDesc>Spatial information</srcDesc><srcMedName><MedNameCd value="027"/></srcMedName><srcScale><rfDenom>0</rfDenom></srcScale><srcCitatn><resTitle>Wetlands and Deepwater Habitats of the United States</resTitle><citRespParty><rpOrgName>U.S. Fish and Wildlife Service</rpOrgName><rpCntInfo><cntAddress><delPoint>Washington, D.C.</delPoint></cntAddress></rpCntInfo><role><RoleCd value="010"/></role></citRespParty><citRespParty><rpOrgName>U.S. Fish and Wildlife Service</rpOrgName><role><RoleCd value="006"/></role></citRespParty><datasetSeries><seriesName>National Wetlands Inventory Maps</seriesName></datasetSeries></srcCitatn><srcExt><exDesc>ground condition</exDesc><tempEle><TempExtent><exTemp><TM_Period><tmBegin>1977-01-01</tmBegin><tmEnd date="October 2016"/></TM_Period></exTemp></TempExtent></tempEle></srcExt></dataSource><prcStep><stepDesc>Original stable base hard copy maps of wetland and deepwater habitats were created based on USGS state and quadrangle boundaries. These maps were converted to digital files using various software packages (WAMS, ARC and others). The digital files were stored as ESRI Import/Export files corresponding to a single 1:24,000 USGS quadrangle. These digital files were imported and converted to ESRI Coverage format and checked for topological and attribute errors. All coverages were converted from a UTM map projection to an Alber's Equal Area map projection and the horizontal datum was converted from NAD27 to NAD83 were necessary. Polygons attributed as "Uplands" were removed from the dataset and polygons were merged at quadrangle boundaries where the quadrangle line divided polygons with the same attribute. The data was loaded into a seamless SDE geodatabase for the conterminous United States. These steps were conducted using both Arc Macro Language (AML) and ArcMap editing tools. All point data from the original ESRI Coverages were buffered by 11.28 meters (1/10 of an acre) and incorporated into this polygon feature class. Further data improvements included the conversion of all old wetland codes that contained 'OW' to the new code containing 'UB', 'BB' to 'US', 'FL' to 'US', and 'SB' to 'US' except for 'R4SB' codes. Old Water Regimes were also changed, 'W' to 'A', 'Y' to 'C' and 'Z' to 'H'. All polygons labeled as 'OUT', 'No Data' and 'NP' were removed from the database.</stepDesc><stepDateTm>2004-01-01</stepDateTm></prcStep></dataLineage></dqInfo><spatRepInfo><VectSpatRep><geometObjs Name="DC_Wetlands"><geoObjTyp><GeoObjTypCd value="002" Sync="TRUE"></GeoObjTypCd></geoObjTyp><geoObjCnt Sync="TRUE">1556</geoObjCnt></geometObjs><topLvl><TopoLevCd value="001" Sync="TRUE"></TopoLevCd></topLvl></VectSpatRep></spatRepInfo><refSysInfo><RefSystem><refSysID><identCode code="0"/></refSysID></RefSystem></refSysInfo><eainfo><detailed Name="DC_Wetlands"><enttyp><enttypl Sync="TRUE">DC_Wetlands</enttypl><enttypd>Reference: Cowardin et al. 1979</enttypd><enttypds>U.S. Fish and Wildlife Service</enttypds><enttypt Sync="TRUE">Feature Class</enttypt><enttypc Sync="TRUE">1556</enttypc></enttyp><attr><attrlabl Sync="TRUE">FID</attrlabl><attalias Sync="TRUE">FID</attalias><attrtype Sync="TRUE">OID</attrtype><attwidth Sync="TRUE">4</attwidth><atprecis Sync="TRUE">0</atprecis><attscale Sync="TRUE">0</attscale><attrdef Sync="TRUE">Internal feature number.</attrdef><attrdefs Sync="TRUE">Esri</attrdefs><attrdomv><udom Sync="TRUE">Sequential unique whole numbers that are automatically generated.</udom></attrdomv></attr><attr><attrlabl>SHAPE</attrlabl><attrdef>Feature geometry.</attrdef><attrdefs>ESRI</attrdefs><attrdomv><udom>Coordinates defining the features.</udom></attrdomv><attalias Sync="TRUE">Shape</attalias><attrtype Sync="TRUE">Geometry</attrtype><attwidth Sync="TRUE">0</attwidth><atprecis Sync="TRUE">0</atprecis><attscale Sync="TRUE">0</attscale></attr><attr><attrlabl>SHAPE_Area</attrlabl><attrdef>Area of feature in internal units squared.</attrdef><attrdefs>ESRI</attrdefs><attrdomv><udom>Positive real numbers that are automatically generated.</udom></attrdomv><attalias Sync="TRUE">Shape_Area</attalias><attrtype Sync="TRUE">Double</attrtype><attwidth Sync="TRUE">19</attwidth><atprecis Sync="TRUE">0</atprecis><attscale Sync="TRUE">0</attscale></attr><attr><attrlabl Sync="TRUE">WETLAND_TY</attrlabl><attalias Sync="TRUE">WETLAND_TY</attalias><attrtype Sync="TRUE">String</attrtype><attwidth Sync="TRUE">50</attwidth><atprecis Sync="TRUE">0</atprecis><attscale Sync="TRUE">0</attscale></attr><attr><attrlabl>ACRES</attrlabl><attrdef>Area of the polygon in acres.</attrdef><attrdefs>Calculated in an Albers Equal Area projection using ESRI's geometry calculator.</attrdefs><attalias Sync="TRUE">ACRES</attalias><attrtype Sync="TRUE">Double</attrtype><attwidth Sync="TRUE">19</attwidth><atprecis Sync="TRUE">0</atprecis><attscale Sync="TRUE">0</attscale></attr><attr><attrlabl Sync="TRUE">Shape_Leng</attrlabl><attalias Sync="TRUE">Shape_Leng</attalias><attrtype Sync="TRUE">Double</attrtype><attwidth Sync="TRUE">19</attwidth><atprecis Sync="TRUE">0</atprecis><attscale Sync="TRUE">0</attscale></attr><attr><attrlabl>ATTRIBUTE</attrlabl><attrdef>Alphanumeric code identifying the wetland classification of the polygon.</attrdef><attrdefs>http://www.fws.gov/wetlands/Data/Wetland-Codes.html</attrdefs><attrdomv><udom>The wetland classification codes are a series of letter and number codes that have been developed to adapt the national wetland classification system to map form. These alpha-numeric codes correspond to the classification nomenclature (Cowardin et al. 1979) that best describes the habitat. (for example, PFO1A). Currently there are over 7,000 code combinations in the dataset with over 14 million possible permutations of the code. For information on the wetland codes visit: http://www.fws.gov/wetlands/Data/Wetland-Codes.html.</udom></attrdomv><attalias Sync="TRUE">ATTRIBUTE</attalias><attrtype Sync="TRUE">String</attrtype><attwidth Sync="TRUE">15</attwidth><atprecis Sync="TRUE">0</atprecis><attscale Sync="TRUE">0</attscale></attr></detailed></eainfo><spdoinfo><ptvctinf><esriterm Name="DC_Wetlands"><efeatyp Sync="TRUE">Simple</efeatyp><efeageom code="4" Sync="TRUE"></efeageom><esritopo Sync="TRUE">FALSE</esritopo><efeacnt Sync="TRUE">1556</efeacnt><spindex Sync="TRUE">TRUE</spindex><linrefer Sync="TRUE">FALSE</linrefer></esriterm></ptvctinf></spdoinfo></metadata>
