<metadata xml:lang="en"><Esri><CreaDate>20150626</CreaDate><CreaTime>12550000</CreaTime><SyncOnce>FALSE</SyncOnce><DataProperties><lineage><Process Name="Create Feature Class" ToolSource="C:\Program Files\ArcGIS\ArcToolbox\Toolboxes\Data Management Tools.tbx\CreateFeatureclass" Date="20060608" Time="112239">CreateFeatureclass L:\MGD_Working_Files\Data_extraction\states_working.mdb quads_24k # NWIDBA_Layer SAME_AS_TEMPLATE SAME_AS_TEMPLATE "PROJCS['NAD_1983_Albers',GEOGCS['GCS_North_American_1983',DATUM['D_North_American_1983',SPHEROID['GRS_1980',6378137.0,298.257222101]],PRIMEM['Greenwich',0.0],UNIT['Degree',0.0174532925199433]],PROJECTION['Albers'],PARAMETER['False_Easting',0.0],PARAMETER['False_Northing',0.0],PARAMETER['Central_Meridian',-96.0],PARAMETER['Standard_Parallel_1',29.5],PARAMETER['Standard_Parallel_2',45.5],PARAMETER['Latitude_Of_Origin',23.0],UNIT['Meter',1.0]];-3350595 -729611 100;0 1;0 1" # 0 0 0 L:\MGD_Working_Files\Data_extraction\states_working.mdb\quads_24k</Process><Process Name="Append" ToolSource="C:\Program Files\ArcGIS\ArcToolbox\Toolboxes\Data Management Tools.tbx\Append" Date="20060608" Time="112305">Append NWIDBA_Layer L:\MGD_Working_Files\Data_extraction\states_working.mdb\quads_24k TEST L:\MGD_Working_Files\Data_extraction\states_working.mdb\quads_24k</Process><Process Name="FeatureClassToFeatureClass_1" ToolSource="C:\Program Files\ArcGIS\ArcToolbox\Toolboxes\Conversion Tools.tbx\FeatureClassToFeatureClass" Date="20060608" Time="112306">FeatureClassToFeatureClass "Database Connections\Igsarchwdbgis01 as NWIDBA.sde\NWIDBA.CONUS_reference\NWIDBA.quads_24k" L:\MGD_Working_Files\Data_extraction\states_working.mdb quads_24k # "USGS_QD_ID USGS_QD_ID VISIBLE;QUAD_NAME QUAD_NAME VISIBLE;MAP_EDIT MAP_EDIT VISIBLE;ST_NAME1 ST_NAME1 VISIBLE;ST_NAME2 ST_NAME2 VISIBLE;ST_NAME3 ST_NAME3 VISIBLE;ST_NAME4 ST_NAME4 VISIBLE;DATE_REV DATE_REV VISIBLE;DATE_PUB DATE_PUB VISIBLE;PHOTO_R_DT PHOTO_R_DT VISIBLE;STATUS STATUS VISIBLE;STATUS_DECADE STATUS_DECADE VISIBLE;SEAMLESS_STATUS SEAMLESS_STATUS VISIBLE;REGION REGION VISIBLE;SHAPE.AREA SHAPE.AREA VISIBLE;SHAPE.LEN SHAPE.LEN VISIBLE" SAME_AS_TEMPLATE SAME_AS_TEMPLATE # 0 L:\MGD_Working_Files\Data_extraction\states_working.mdb\quads_24k</Process><Process Name="Select Layer By Attribute" ToolSource="C:\ArcGIS\ArcToolbox\Toolboxes\Data Management Tools.tbx\SelectLayerByAttribute" Date="20081218" Time="090409">SelectLayerByAttribute States_by_24k_quad_Layer NEW_SELECTION "[ST_NAME1] = 'Rhode Island'" States_by_24k_quad_Layer</Process><Process Name="Select Layer By Attribute" ToolSource="C:\ArcGIS\ArcToolbox\Toolboxes\Data Management Tools.tbx\SelectLayerByAttribute" Date="20081218" Time="091456">SelectLayerByAttribute States_by_24k_quad_Layer NEW_SELECTION "[ST_NAME1] = 'Rhode Island'" States_by_24k_quad_Layer</Process><Process Name="Select Layer By Attribute" ToolSource="C:\ArcGIS\ArcToolbox\Toolboxes\Data Management Tools.tbx\SelectLayerByAttribute" Date="20090105" Time="152829">SelectLayerByAttribute States_by_24k_quad_Layer NEW_SELECTION "[ST_NAME1] = 'Oregon'" States_by_24k_quad_Layer</Process><Process Name="Select Layer By Attribute" ToolSource="C:\ArcGIS\ArcToolbox\Toolboxes\Data Management Tools.tbx\SelectLayerByAttribute" Date="20090126" Time="093548">SelectLayerByAttribute States_by_24k_quad_Layer NEW_SELECTION "[ST_NAME1] = 'Kentucky'" States_by_24k_quad_Layer</Process><Process Name="Select Layer By Attribute" ToolSource="C:\ArcGIS\ArcToolbox\Toolboxes\Data Management Tools.tbx\SelectLayerByAttribute" Date="20090318" Time="112235">SelectLayerByAttribute States_by_24k_quad_Layer NEW_SELECTION "[ST_NAME1] = 'California'" States_by_24k_quad_Layer</Process><Process Name="Select Layer By Attribute" ToolSource="C:\ArcGIS\ArcToolbox\Toolboxes\Data Management Tools.tbx\SelectLayerByAttribute" Date="20090513" Time="103120">SelectLayerByAttribute States_by_24k_quad_Layer NEW_SELECTION "[ST_NAME1] = 'Oregon'" States_by_24k_quad_Layer</Process><Process Name="Select Layer By Attribute" ToolSource="C:\ArcGIS\ArcToolbox\Toolboxes\Data Management Tools.tbx\SelectLayerByAttribute" Date="20090514" Time="082537">SelectLayerByAttribute States_by_24k_quad_Layer NEW_SELECTION "[ST_NAME1] = 'Washington'" States_by_24k_quad_Layer</Process><Process Name="Select Layer By Attribute" ToolSource="C:\ArcGIS\ArcToolbox\Toolboxes\Data Management Tools.tbx\SelectLayerByAttribute" Date="20090604" Time="150740">SelectLayerByAttribute States_by_24k_quad_Layer NEW_SELECTION "[ST_NAME1] = 'Minnesota'" States_by_24k_quad_Layer</Process><Process Name="Select Layer By Attribute" ToolSource="C:\ArcGIS\ArcToolbox\Toolboxes\Data Management Tools.tbx\SelectLayerByAttribute" Date="20090604" Time="151021">SelectLayerByAttribute States_by_24k_quad_Layer NEW_SELECTION "[ST_NAME1] = 'Minnesota'" States_by_24k_quad_Layer</Process><Process Name="Select Layer By Attribute" ToolSource="C:\ArcGIS\ArcToolbox\Toolboxes\Data Management Tools.tbx\SelectLayerByAttribute" Date="20100112" Time="152037">SelectLayerByAttribute States_by_24k_quad_Layer NEW_SELECTION "[ST_NAME1] = 'Minnesota'" States_by_24k_quad_Layer</Process><Process Name="Select Layer By Attribute" ToolSource="C:\ArcGIS\ArcToolbox\Toolboxes\Data Management Tools.tbx\SelectLayerByAttribute" Date="20100112" Time="152228">SelectLayerByAttribute States_by_24k_quad_Layer NEW_SELECTION "[ST_NAME1] = 'Minnesota'" States_by_24k_quad_Layer</Process><Process Name="Select Layer By Attribute" ToolSource="C:\ArcGIS\ArcToolbox\Toolboxes\Data Management Tools.tbx\SelectLayerByAttribute" Date="20100112" Time="152359">SelectLayerByAttribute States_by_24k_quad_Layer NEW_SELECTION "[ST_NAME1] = 'Minnesota'" States_by_24k_quad_Layer</Process><Process Name="Select Layer By Attribute" ToolSource="C:\ArcGIS\ArcToolbox\Toolboxes\Data Management Tools.tbx\SelectLayerByAttribute" Date="20100113" Time="074709">SelectLayerByAttribute States_by_24k_quad_Layer NEW_SELECTION "[ST_NAME1] = 'Minnesota'" States_by_24k_quad_Layer</Process><Process Name="Select Layer By Attribute" ToolSource="C:\ArcGIS\ArcToolbox\Toolboxes\Data Management Tools.tbx\SelectLayerByAttribute" Date="20100113" Time="074951">SelectLayerByAttribute States_by_24k_quad_Layer NEW_SELECTION "[ST_NAME1] = 'Minnesota'" States_by_24k_quad_Layer</Process><Process Name="Select Layer By Attribute" ToolSource="C:\ArcGIS\ArcToolbox\Toolboxes\Data Management Tools.tbx\SelectLayerByAttribute" Date="20100113" Time="075827">SelectLayerByAttribute States_by_24k_quad_Layer NEW_SELECTION "[ST_NAME1] = 'Minnesota'" States_by_24k_quad_Layer</Process><Process Name="Select Layer By Attribute" ToolSource="C:\ArcGIS\ArcToolbox\Toolboxes\Data Management Tools.tbx\SelectLayerByAttribute" Date="20100113" Time="080817">SelectLayerByAttribute States_by_24k_quad_Layer NEW_SELECTION "[ST_NAME1] = 'Minnesota'" States_by_24k_quad_Layer</Process><Process Name="Select Layer By Attribute" ToolSource="C:\ArcGIS\ArcToolbox\Toolboxes\Data Management Tools.tbx\SelectLayerByAttribute" Date="20100113" Time="095819">SelectLayerByAttribute States_by_24k_quad_Layer NEW_SELECTION "[ST_NAME1] = 'South Dakota'" States_by_24k_quad_Layer</Process><Process Name="Select Layer By Attribute" ToolSource="C:\ArcGIS\ArcToolbox\Toolboxes\Data Management Tools.tbx\SelectLayerByAttribute" Date="20100113" Time="123705">SelectLayerByAttribute States_by_24k_quad_Layer NEW_SELECTION "[ST_NAME1] = 'Alabama'" States_by_24k_quad_Layer</Process><Process Name="Select Layer By Attribute" ToolSource="C:\ArcGIS\ArcToolbox\Toolboxes\Data Management Tools.tbx\SelectLayerByAttribute" Date="20100217" Time="132548">SelectLayerByAttribute States_by_24k_quad_Layer NEW_SELECTION "[ST_NAME1] = 'Oregon'" States_by_24k_quad_Layer</Process><Process Name="Select Layer By Attribute" ToolSource="C:\ArcGIS\ArcToolbox\Toolboxes\Data Management Tools.tbx\SelectLayerByAttribute" Date="20100217" Time="133338">SelectLayerByAttribute States_by_24k_quad_Layer NEW_SELECTION "[ST_NAME1] = 'Oregon'" States_by_24k_quad_Layer</Process><Process ToolSource="c:\program files (x86)\arcgis\desktop10.4\ArcToolbox\Toolboxes\Analysis Tools.tbx\Select" Date="20170501" Time="122821">Select M:/FWS_MGD/Watersheds/States_by_24k_quad.gdb/States_by_24k_quad E:\State_Scratch.gdb\DC_ "ST_ABBV = 'DC'"</Process><Process ToolSource="c:\program files (x86)\arcgis\desktop10.4\ArcToolbox\Toolboxes\Analysis Tools.tbx\Select" Date="20170501" Time="122823">Select DClayer E:\State_Exports\State_Extracts_May_2017\State_FGDs\DC_geodatabase_wetlands.gdb\District_of_Columbia #</Process><Process ToolSource="c:\program files (x86)\arcgis\desktop10.4\ArcToolbox\Toolboxes\Data Management Tools.tbx\CalculateField" Date="20170501" Time="122823">CalculateField E:/State_Exports/State_Extracts_May_2017/State_FGDs/DC_geodatabase_wetlands.gdb/District_of_Columbia AreaAcres acreagecalc(!SHAPE_AREA!) PYTHON_9.3 "def acreagecalc(sharea):\n return sharea * 0.000247105381\n\n"</Process><Process ToolSource="c:\program files (x86)\arcgis\desktop10.4\ArcToolbox\Toolboxes\Analysis Tools.tbx\Select" Date="20170501" Time="122824">Select E:/State_Exports/State_Extracts_May_2017/State_FGDs/DC_geodatabase_wetlands.gdb/District_of_Columbia E:\State_Exports\State_Extracts_May_2017\State_Shapefiles\DC_shapefile_wetlands\District_of_Columbia.shp #</Process></lineage><itemProps><itemName Sync="TRUE">District_of_Columbia</itemName><imsContentType Sync="TRUE">002</imsContentType><itemLocation><linkage Sync="TRUE">file://\\IFW3NSST-RACK5\E$\State_Exports\State_Extracts_May_2017\State_Shapefiles\DC_shapefile_wetlands\District_of_Columbia.shp</linkage><protocol Sync="TRUE">Local Area Network</protocol></itemLocation><nativeExtBox><westBL Sync="TRUE">-2363443.620000</westBL><eastBL Sync="TRUE">2266099.010000</eastBL><southBL Sync="TRUE">254723.760000</southBL><northBL Sync="TRUE">3186257.130000</northBL><exTypeCode Sync="TRUE">1</exTypeCode></nativeExtBox><itemSize Sync="TRUE">0.000</itemSize></itemProps><coordRef><type Sync="TRUE">Projected</type><geogcsn Sync="TRUE">GCS_North_American_1983</geogcsn><csUnits Sync="TRUE">Linear Unit: Meter (1.000000)</csUnits><projcsn Sync="TRUE">NAD_1983_Albers</projcsn><peXml Sync="TRUE">&lt;ProjectedCoordinateSystem xsi:type='typens:ProjectedCoordinateSystem' xmlns:xsi='http://www.w3.org/2001/XMLSchema-instance' xmlns:xs='http://www.w3.org/2001/XMLSchema' xmlns:typens='http://www.esri.com/schemas/ArcGIS/10.4'&gt;&lt;WKT&gt;PROJCS[&amp;quot;NAD_1983_Albers&amp;quot;,GEOGCS[&amp;quot;GCS_North_American_1983&amp;quot;,DATUM[&amp;quot;D_North_American_1983&amp;quot;,SPHEROID[&amp;quot;GRS_1980&amp;quot;,6378137.0,298.257222101]],PRIMEM[&amp;quot;Greenwich&amp;quot;,0.0],UNIT[&amp;quot;Degree&amp;quot;,0.0174532925199433]],PROJECTION[&amp;quot;Albers&amp;quot;],PARAMETER[&amp;quot;False_Easting&amp;quot;,0.0],PARAMETER[&amp;quot;False_Northing&amp;quot;,0.0],PARAMETER[&amp;quot;Central_Meridian&amp;quot;,-96.0],PARAMETER[&amp;quot;Standard_Parallel_1&amp;quot;,29.5],PARAMETER[&amp;quot;Standard_Parallel_2&amp;quot;,45.5],PARAMETER[&amp;quot;Latitude_Of_Origin&amp;quot;,23.0],UNIT[&amp;quot;Meter&amp;quot;,1.0]]&lt;/WKT&gt;&lt;XOrigin&gt;-16901100&lt;/XOrigin&gt;&lt;YOrigin&gt;-6972200&lt;/YOrigin&gt;&lt;XYScale&gt;266467840.99085236&lt;/XYScale&gt;&lt;ZOrigin&gt;-100000&lt;/ZOrigin&gt;&lt;ZScale&gt;10000&lt;/ZScale&gt;&lt;MOrigin&gt;-100000&lt;/MOrigin&gt;&lt;MScale&gt;10000&lt;/MScale&gt;&lt;XYTolerance&gt;0.001&lt;/XYTolerance&gt;&lt;ZTolerance&gt;0.001&lt;/ZTolerance&gt;&lt;MTolerance&gt;0.001&lt;/MTolerance&gt;&lt;HighPrecision&gt;true&lt;/HighPrecision&gt;&lt;/ProjectedCoordinateSystem&gt;</peXml></coordRef></DataProperties><SyncDate>20170501</SyncDate><SyncTime>12282400</SyncTime><ModDate>20170501</ModDate><ModTime>12282400</ModTime><ArcGISFormat>1.0</ArcGISFormat><ArcGISstyle>FGDC CSDGM Metadata</ArcGISstyle></Esri><idinfo><citation><citeinfo><onlink Sync="TRUE">\\Igsarchwfs1capp\GIS\GIS_PROJ\MGD\MGD_Working_Files\Data_extraction\CONUS_states_by_24k_quads.mdb</onlink></citeinfo></citation></idinfo><distInfo><distributor><distorTran><onLineSrc><linkage Sync="TRUE">file://\\Igsarchwfs1capp\GIS\GIS_PROJ\MGD\MGD_Working_Files\Data_extraction\CONUS_states_by_24k_quads.mdb</linkage><protocol Sync="TRUE">Local Area Network</protocol></onLineSrc></distorTran></distributor><distFormat><formatName Sync="TRUE">Shapefile</formatName></distFormat><distTranOps><transSize Sync="TRUE">0.000</transSize></distTranOps></distInfo><dataqual><lineage><procstep><procdesc Sync="TRUE">Dataset copied.</procdesc><srcused Sync="TRUE">\\Igsarchwfs1capp\GIS\GIS_PROJ\MGD\MGD_Working_Files\Data_extraction\states_working.mdb</srcused><date Sync="TRUE">20060612</date><time Sync="TRUE">07524900</time></procstep></lineage></dataqual><dataIdInfo><envirDesc Sync="TRUE">Microsoft Windows 7 Version 6.1 (Build 7601) Service Pack 1; Esri ArcGIS 10.4.1.5686</envirDesc><dataLang><languageCode value="eng" Sync="TRUE"></languageCode><countryCode value="USA" Sync="TRUE"></countryCode></dataLang><idCitation><resTitle Sync="TRUE">District_of_Columbia</resTitle><presForm><PresFormCd value="005" Sync="TRUE"></PresFormCd></presForm></idCitation><spatRpType><SpatRepTypCd value="001" Sync="TRUE"></SpatRepTypCd></spatRpType><dataExt><geoEle><GeoBndBox esriExtentType="search"><exTypeCode Sync="TRUE">1</exTypeCode><westBL Sync="TRUE">-128.039296</westBL><eastBL Sync="TRUE">-65.188044</eastBL><northBL Sync="TRUE">51.731090</northBL><southBL Sync="TRUE">22.725718</southBL></GeoBndBox></geoEle></dataExt></dataIdInfo><mdLang><languageCode value="eng" Sync="TRUE"></languageCode><countryCode value="USA" Sync="TRUE"></countryCode></mdLang><mdHrLv><ScopeCd value="005" Sync="TRUE"></ScopeCd></mdHrLv><mdHrLvName Sync="TRUE">dataset</mdHrLvName><refSysInfo><RefSystem><refSysID><identCode code="0" Sync="TRUE"></identCode></refSysID></RefSystem></refSysInfo><spatRepInfo><VectSpatRep><geometObjs Name="District_of_Columbia"><geoObjTyp><GeoObjTypCd value="002" Sync="TRUE"></GeoObjTypCd></geoObjTyp><geoObjCnt Sync="TRUE">0</geoObjCnt></geometObjs><topLvl><TopoLevCd value="001" Sync="TRUE"></TopoLevCd></topLvl></VectSpatRep></spatRepInfo><spdoinfo><ptvctinf><esriterm Name="District_of_Columbia"><efeatyp Sync="TRUE">Simple</efeatyp><efeageom code="4" Sync="TRUE"></efeageom><esritopo Sync="TRUE">FALSE</esritopo><efeacnt Sync="TRUE">0</efeacnt><spindex Sync="TRUE">FALSE</spindex><linrefer Sync="TRUE">FALSE</linrefer></esriterm></ptvctinf></spdoinfo><eainfo><detailed Name="District_of_Columbia"><enttyp><enttypl Sync="TRUE">District_of_Columbia</enttypl><enttypt Sync="TRUE">Feature Class</enttypt><enttypc Sync="TRUE">0</enttypc></enttyp><attr><attrlabl Sync="TRUE">FID</attrlabl><attalias Sync="TRUE">FID</attalias><attrtype Sync="TRUE">OID</attrtype><attwidth Sync="TRUE">4</attwidth><atprecis Sync="TRUE">0</atprecis><attscale Sync="TRUE">0</attscale><attrdef Sync="TRUE">Internal feature number.</attrdef><attrdefs Sync="TRUE">Esri</attrdefs><attrdomv><udom Sync="TRUE">Sequential unique whole numbers that are automatically generated.</udom></attrdomv></attr><attr><attrlabl Sync="TRUE">Shape</attrlabl><attalias Sync="TRUE">Shape</attalias><attrtype Sync="TRUE">Geometry</attrtype><attwidth Sync="TRUE">0</attwidth><atprecis Sync="TRUE">0</atprecis><attscale Sync="TRUE">0</attscale><attrdef Sync="TRUE">Feature geometry.</attrdef><attrdefs Sync="TRUE">Esri</attrdefs><attrdomv><udom Sync="TRUE">Coordinates defining the features.</udom></attrdomv></attr><attr><attrlabl Sync="TRUE">ST_NAME1</attrlabl><attalias Sync="TRUE">ST_NAME1</attalias><attrtype Sync="TRUE">String</attrtype><attwidth Sync="TRUE">20</attwidth><atprecis Sync="TRUE">0</atprecis><attscale Sync="TRUE">0</attscale></attr><attr><attrlabl Sync="TRUE">ST_ABBV</attrlabl><attalias Sync="TRUE">ST_ABBV</attalias><attrtype Sync="TRUE">String</attrtype><attwidth Sync="TRUE">50</attwidth><atprecis Sync="TRUE">0</atprecis><attscale Sync="TRUE">0</attscale></attr><attr><attrlabl Sync="TRUE">AreaAcres</attrlabl><attalias Sync="TRUE">AreaAcres</attalias><attrtype Sync="TRUE">Double</attrtype><attwidth Sync="TRUE">19</attwidth><atprecis Sync="TRUE">0</atprecis><attscale Sync="TRUE">0</attscale></attr><attr><attrlabl Sync="TRUE">Shape_Leng</attrlabl><attalias Sync="TRUE">Shape_Leng</attalias><attrtype Sync="TRUE">Double</attrtype><attwidth Sync="TRUE">19</attwidth><atprecis Sync="TRUE">0</atprecis><attscale Sync="TRUE">0</attscale></attr><attr><attrlabl Sync="TRUE">Shape_Area</attrlabl><attalias Sync="TRUE">Shape_Area</attalias><attrtype Sync="TRUE">Double</attrtype><attwidth Sync="TRUE">19</attwidth><atprecis Sync="TRUE">0</atprecis><attscale Sync="TRUE">0</attscale><attrdef Sync="TRUE">Area of feature in internal units squared.</attrdef><attrdefs Sync="TRUE">Esri</attrdefs><attrdomv><udom Sync="TRUE">Positive real numbers that are automatically generated.</udom></attrdomv></attr></detailed></eainfo><mdDateSt Sync="TRUE">20170501</mdDateSt></metadata>
